id,nombre,album,creador,opennotes,letras,guitarra,bajo,segundag.,drum,key,imagen,video,link,link_mf,,,,,,,,,,,,,,,,,,,,,,,,,,,,,,,,,,,,,
1,A costa da morte,Finisterra,Metallicamilo311,si,no,✰✰✰★,✰✰✰✰,✰✰✰✰,✰✰✰✰,✰✰✰✰,datasong/album/finisterra.jpg,https://www.youtube.com/embed/6dicyJA03TI,https://drive.google.com/file/d/1-2Q6jhCW0KBCwTQV4vUdyvxPAkWQNa9L,https://www.mediafire.com/file/ttnjhm9b7p34c4d,,,,,,,,,,,,,,,,,,,,,,,,,,,,,,,,,,,,,
2,Al abordaje,Bandera Negra,Angevil,si,si,✰✰✰★,✰✰✰✰,✰✰✰✰,✰✰✰✰,✰✰✰✰,datasong/album/bandera.jpg,https://www.youtube.com/embed/BJ6uFAP2HmY,https://drive.google.com/file/d/1-jLTRpYc-4kq5EUKzZlXzDZlx3wX5BFD,https://www.mediafire.com/file/ki0okkeajqtvn4g,,,,,,,,,,,,,,,,,,,,,,,,,,,,,,,,,,,,,
3,Ancha es castilla (Version Metal),Rarezas,Danon94,no,no,✰✰✰★,✰✰✰✰,✰✰✰✰,✰✰✰✰,✰✰✰✰,datasong/album/rarezas.jpg,https://www.youtube.com/embed/vB0dE9rG6ks,https://drive.google.com/file/d/1-kSOyyHUtC34hvuLToTWwCGFuRNbnwqu,https://www.mediafire.com/file/z43m2m3kmze4dtq,,,,,,,,,,,,,,,,,,,,,,,,,,,,,,,,,,,,,
4,Ancha es castilla (Version Metal),Rarezas,Jose_elsopa,no,no,✰✰✰★,✰✰✰✰,✰✰✰✰,✰✰✰✰,✰✰✰✰,datasong/album/rarezas.jpg,sinvideo,https://drive.google.com/file/d/10LpsusywCCM1OKOYh0yPU5UwgCYdKhhD,https://www.mediafire.com/file/m4izrwlhh7zxo3u,,,,,,,,,,,,,,,,,,,,,,,,,,,,,,,,,,,,,
5,Ancha es castilla (Version Metal),Rarezas,thejumper78,no,no,✰✰✰★,✰✰✰✰,✰✰✰✰,✰✰✰✰,✰✰✰✰,datasong/album/rarezas.jpg,sinvideo,https://drive.google.com/file/d/11YcTe-2gxT96GTHu6bKCajOdFO-ocP0D,https://www.mediafire.com/file/bkcuxu94ls25fou,,,,,,,,,,,,,,,,,,,,,,,,,,,,,,,,,,,,,
6,Aquelarre,Gaia II: La Voz Dormida,Darkof GT,no,no,✰✰✰★,✰✰✰✰,✰✰✰✰,✰✰✰✰,✰✰✰✰,datasong/album/gaia_ll.jpg,https://www.youtube.com/embed/xr-tmZZaJOs,https://drive.google.com/file/d/11_5rLY2k0aAfBGPcmLDBoRSsRcuBchvz,https://www.mediafire.com/file/uthyet84x1tmz91,,,,,,,,,,,,,,,,,,,,,,,,,,,,,,,,,,,,,
7,Aquelarre,Gaia II: La Voz Dormida,"Dayaah, LMBECIL1832",si,si,✰✰✰★,✰✰✰✰,✰✰✰✰,✰✰✰✰,✰✰✰✰,datasong/album/gaia_ll.jpg,https://www.youtube.com/embed/KuWZuO6WNeU,https://drive.google.com/file/d/11tWG9DB47ACGMfocL_cjMPjdvxMx3cOf,https://www.mediafire.com/file/6pw3qviy81vinxa,,,,,,,,,,,,,,,,,,,,,,,,,,,,,,,,,,,,,
9,Aquelarre,Gaia II: La Voz Dormida,WOLFxONE,no,no,✰✰✰★,✰✰✰✰,✰✰✰✰,✰✰✰✰,✰✰✰✰,datasong/album/gaia_ll.jpg,sinvideo,https://drive.google.com/file/d/11xQRY5Yq6bWzlCtSI-nkJUtGyvb85rzC,https://www.mediafire.com/file/83y7yiqhqy8alip,,,,,,,,,,,,,,,,,,,,,,,,,,,,,,,,,,,,,
10,Astaroth ,Finisterra,Danon94,no,no,✰✰✰★,✰✰✰✰,✰✰✰✰,✰✰✰✰,✰✰✰✰,datasong/album/finisterra.jpg,https://www.youtube.com/embed/st2wlqC9rGc,https://drive.google.com/file/d/12I8-l9awLZyPcG2T7tKtwbfFHaXSXHFv,https://www.mediafire.com/file/v89srl61s25yuq4,,,,,,,,,,,,,,,,,,,,,,,,,,,,,,,,,,,,,
11,Astaroth,Finisterra,LMBECIL1832,no,si,✰✰✰★,✰✰✰✰,✰✰✰✰,✰✰✰✰,✰✰✰✰,datasong/album/gaia_lll.jpg,https://www.youtube.com/embed/iC1yecFMRrs,https://drive.google.com/file/d/12eqbqgpS4bXvtywKMKC-mQYaI8BCLb4p,https://www.mediafire.com/file/c9rggolb34od1ok,,,,,,,,,,,,,,,,,,,,,,,,,,,,,,,,,,,,,
12,Atlantia,Gaia III: Atlantia,Darkof GT,no,no,✰✰✰★,✰✰✰✰,✰✰✰✰,✰✰✰✰,✰✰✰✰,datasong/album/gaia_lll.jpg,https://www.youtube.com/embed/Z2rHP5McfyY,https://drive.google.com/file/d/12kTUhSdFJrlHy4xlduHurVB0035rkFX1,https://www.mediafire.com/file/vl87mbbn0fp6ywu,,,,,,,,,,,,,,,,,,,,,,,,,,,,,,,,,,,,,
13,Atlantia,Gaia III: Atlantia,LMBECIL1832,no,si,✰✰✰★,✰✰✰✰,✰✰✰✰,✰✰✰✰,✰✰✰✰,datasong/album/gaia_lll.jpg,https://www.youtube.com/embed/HV3GaXX4TMk,https://drive.google.com/file/d/12kkkSKzksxEg1t6_y6hhusOzF0HOng4J,https://www.mediafire.com/file/1mzc1ohaywkqprt,,,,,,,,,,,,,,,,,,,,,,,,,,,,,,,,,,,,,
14,Bandera negra,Bandera Negra,Kisame,no,no,✰✰✰★,✰✰✰✰,✰✰✰✰,✰✰✰✰,✰✰✰✰,datasong/album/bandera.jpg,sinvideo,https://drive.google.com/file/d/12licXHj3X85iMDUMmKyu_zXj9m6T6vYe,https://www.mediafire.com/file/ioau8iuko8vawqw,,,,,,,,,,,,,,,,,,,,,,,,,,,,,,,,,,,,,
15,Belfast,Belfast,Danon94,no,no,✰✰✰★,✰✰✰✰,✰✰✰✰,✰✰✰✰,✰✰✰✰,datasong/album/belfast.jpg,https://www.youtube.com/embed/kHoIP7nYqSc,https://drive.google.com/file/d/13O88Rvw0oeQtEvnKaMajF6ipXJ9-UfyZ,https://www.mediafire.com/file/4fv1fpaggl37lj2,,,,,,,,,,,,,,,,,,,,,,,,,,,,,,,,,,,,,
16,Cadaveria,Ilussia,Kisame,no,no,✰✰✰★,✰✰✰✰,✰✰✰✰,✰✰✰✰,✰✰✰✰,datasong/album/ilussia.jpg,sinvideo,https://drive.google.com/file/d/13RbDOILPmduZqSmCwWqmWkm0DgVQVtpM,https://www.mediafire.com/file/v7ftqaaf19fd2od,,,,,,,,,,,,,,,,,,,,,,,,,,,,,,,,,,,,,
17,Dama negra,Belfast,Danon94,no,si,✰✰✰★,✰✰✰✰,✰✰✰✰,✰✰✰✰,✰✰✰✰,datasong/album/belfast.jpg,https://www.youtube.com/embed/uN04R5yR8vY,https://drive.google.com/file/d/13nf7bnIQ4U8Q38VBTRBsO41TnZwONzGJ,https://www.mediafire.com/file/cpmyo6fobwxamfz,,,,,,,,,,,,,,,,,,,,,,,,,,,,,,,,,,,,,
18,Desde mi cielo,Gaia II: La Voz Dormida,"Dayaah, LMBECIL1832",no,no,✰✰✰★,✰✰✰✰,✰✰✰✰,✰✰✰✰,✰✰✰✰,datasong/album/gaia_ll.jpg,https://www.youtube.com/embed/aGhbZ1owvE8,https://drive.google.com/file/d/14UhzvxGp2368vZcB7XeqplikGx35eUH8,https://www.mediafire.com/file/6v7k4bwau0dcwr9,,,,,,,,,,,,,,,,,,,,,,,,,,,,,,,,,,,,,
19,Diabulus in musica,Gaia II: La Voz Dormida,Danon94,no,no,✰✰✰★,✰✰✰✰,✰✰✰✰,✰✰✰✰,✰✰✰✰,datasong/album/gaia_ll.jpg,https://www.youtube.com/embed/gWuoAJTZl80,https://drive.google.com/file/d/14kW65JNM9GaIlpFh0GuhwX4zvcVOKYFf,https://www.mediafire.com/file/7lws1zpwqyj63qi,,,,,,,,,,,,,,,,,,,,,,,,,,,,,,,,,,,,,
20,Dies irae,Gaia III: Atlantia,Darkof GT,no,no,✰✰✰★,✰✰✰✰,✰✰✰✰,✰✰✰✰,✰✰✰✰,datasong/album/gaia_ll.jpg,https://www.youtube.com/embed/rLN7R5G6RG0,https://drive.google.com/file/d/15Dm0dbCv6slXWGcxjTTDXZbONQyk84kw,https://www.mediafire.com/file/9gq5olz2eda8uzu,,,,,,,,,,,,,,,,,,,,,,,,,,,,,,,,,,,,,
21,Dies irae,Gaia III: Atlantia,"Dayaah, LMBECIL1832",si,si,✰✰✰★,✰✰✰✰,✰✰✰✰,✰✰✰✰,✰✰✰✰,datasong/album/gaia_ll.jpg,https://www.youtube.com/embed/VTOU5tdTDeQ,https://drive.google.com/file/d/164ldbKDahbkz49Fn8fofkguiYGioCK_u,https://www.mediafire.com/file/c18i6qxxkktm8zj,,,,,,,,,,,,,,,,,,,,,,,,,,,,,,,,,,,,,
22,Duerme,Finisterra,LMBECIL1832,si,si,✰✰✰★,✰✰✰✰,✰✰✰✰,✰✰✰✰,✰✰✰✰,datasong/album/finisterra.jpg,https://www.youtube.com/embed/8S9Yp6x0ums,https://drive.google.com/file/d/16CP88NAy1aUUL9JAUSSMCOtRw_in93kD,https://www.mediafire.com/file/6hlr0zw3jmmi3n8,,,,,,,,,,,,,,,,,,,,,,,,,,,,,,,,,,,,,
23,El arbol de la noche triste,Gaia,Danon94,no,si,✰✰✰★,✰✰✰✰,✰✰✰✰,✰✰✰✰,✰✰✰✰,datasong/album/gaia.jpg,https://www.youtube.com/embed/xY_dTyC-GrQ,https://drive.google.com/file/d/16fAN2gH5qk1DVNQ5w0gbRrwK_R_1K97V,https://www.mediafire.com/file/q9g1tv7sbj4xm0w,,,,,,,,,,,,,,,,,,,,,,,,,,,,,,,,,,,,,
24,El atrapasueños,Gaia,Danon94,no,si,✰✰✰★,✰✰✰✰,✰✰✰✰,✰✰✰✰,✰✰✰✰,datasong/album/gaia.jpg,https://www.youtube.com/embed/rbYG2zmlGwI,https://drive.google.com/file/d/1791qDTgam7oKp4daRNc38IJ9Cyua1jpp,https://www.mediafire.com/file/qv15nqk1blkugmv,,,,,,,,,,,,,,,,,,,,,,,,,,,,,,,,,,,,,
25,El atrapasueños,Gaia,_edxgbrn,no,no,✰✰✰★,✰✰✰✰,✰✰✰✰,✰✰✰✰,✰✰✰✰,datasong/album/gaia.jpg,sinvideo,https://drive.google.com/file/d/17Odkm_mr7zk2KEvWS_iSoxdyuQK71nNr,https://www.mediafire.com/file/crh7ro0o94rnaix,,,,,,,,,,,,,,,,,,,,,,,,,,,,,,,,,,,,,
26,El atrapasueños,Gaia,Lipidogo,no,si,✰✰✰★,✰✰✰★,✰✰✰★,✰✰✰★,✰✰✰✰,datasong/album/gaia.jpg,https://www.youtube.com/embed/OPEHIUJxQYY,https://drive.google.com/file/d/17nBI1GNtWE8ezKdp6jXcrQEXlXaL4Hjn,https://www.mediafire.com/file/rrnwtptnphp2tgf,,,,,,,,,,,,,,,,,,,,,,,,,,,,,,,,,,,,,
27,El atrapasueños,Gaia,SkyDown,no,si,★★★★,★★★★,★★★★,★★★★,★★★★,datasong/album/gaia.jpg,https://www.youtube.com/embed/qjq3CAWsIIc,https://drive.google.com/file/d/1AD03xe0_FRkOedlHU_KBQxMkzvnXo8KX,https://www.mediafire.com/file/jsp3dqzft7lekdj,,,,,,,,,,,,,,,,,,,,,,,,,,,,,,,,,,,,,
28,El callejon del infierno,Gaia II: La Voz Dormida,Metallicamilo311,si,no,✰✰✰★,✰✰✰✰,✰✰✰✰,✰✰✰✰,✰✰✰✰,datasong/album/gaia_ll.jpg,https://www.youtube.com/embed/Uim9m4XVvQ,https://drive.google.com/file/d/1AOG8GjumtVKuUg3OKtfgloy2eN5WNnKy,https://www.mediafire.com/file/kc8b653a4qm7tn5,,,,,,,,,,,,,,,,,,,,,,,,,,,,,,,,,,,,,
29,El cantar de la luna oscura,Jesus de Chamberi,hignfine,no,si,✰✰✰★,✰✰✰✰,✰✰✰✰,✰✰✰✰,✰✰✰✰,datasong/album/chamberi.jpg,sinvideo,https://drive.google.com/file/d/1B1La2GvRXMJGZz27Q4-FLi4RYxSAkKta,https://www.mediafire.com/file/omzk79ew3e4h8xj,,,,,,,,,,,,,,,,,,,,,,,,,,,,,,,,,,,,,
30,El cantar de la luna oscura 2.0,The Best of Oz,superlegna7013,no,no,✰✰✰★,✰✰✰✰,✰✰✰✰,✰✰✰✰,✰✰✰✰,datasong/album/thebestoz.jpg,sinvideo,https://drive.google.com/file/d/1B7bLe6l3ANEzAcpBrSw6WHKtE9N_zmNh,https://www.mediafire.com/file/8jp17ujvh1y148g,,,,,,,,,,,,,,,,,,,,,,,,,,,,,,,,,,,,,
31,El lago,Mago de Oz,andrew_etg,no,si,★★★★,★★★★,★★★★,★★★★,★★★★,datasong/album/magodeoz.jpg,sinvideo,https://drive.google.com/file/d/1BLJFSNdXw4o7d3Sj0A8XJLvIRWcNxQUX,https://www.mediafire.com/file/00zkmc8fsb554ke,,,,,,,,,,,,,,,,,,,,,,,,,,,,,,,,,,,,,
32,El lago,La Bruja,_edxgbrn,no,no,✰✰✰★,✰✰✰✰,✰✰✰✰,✰✰✰✰,✰✰✰✰,datasong/album/labruja.jpg,sinvideo,https://drive.google.com/file/d/1BUxnOcXqlBZHlkn1t8Vi-cDThG34b26E,https://www.mediafire.com/file/ybiqv8weui0bjdx,,,,,,,,,,,,,,,,,,,,,,,,,,,,,,,,,,,,,
33,El libro de las sombras,"Hechizos, Pocimas y Brujeria",Danon94,no,no,✰✰✰★,✰✰✰✰,✰✰✰✰,✰✰✰✰,✰✰✰✰,datasong/album/leyenda.jpg,https://www.youtube.com/embed/owqfn-fO648,https://drive.google.com/file/d/1C-zAQrcMq7S79noiSjGl5QvTq9jBqFfk,https://www.mediafire.com/file/mai2jp65azmifq2,,,,,,,,,,,,,,,,,,,,,,,,,,,,,,,,,,,,,
34,El libro de las sombras,"Hechizos, Pocimas y Brujeria",_edxgbrn,no,no,✰✰✰★,✰✰✰✰,✰✰✰✰,✰✰✰✰,✰✰✰✰,datasong/album/leyenda.jpg,sinvideo,https://drive.google.com/file/d/1CU58g6xF_0cI6X5GiYou-Cac86sRAM4u,https://www.mediafire.com/file/lojc3ou1mqapoan,,,,,,,,,,,,,,,,,,,,,,,,,,,,,,,,,,,,,
35,El libro de las sombras,"Hechizos, Pocimas y Brujeria",GMP50,no,no,✰★★★,✰✰✰✰,✰✰✰✰,✰✰✰✰,✰✰✰✰,datasong/album/leyenda.jpg,https://www.youtube.com/embed/_sxsIr3zMZc,https://drive.google.com/file/d/1ChYS8oAkFsvpefrZAblbwcrMPUFTHCV6,https://www.mediafire.com/file/kw764mjm2f7v0ay,,,,,,,,,,,,,,,,,,,,,,,,,,,,,,,,,,,,,
36,El libro de las sombras,"Hechizos, Pocimas y Brujeria",KittyLucy_UwU,no,si,✰✰✰★,✰✰✰✰,✰✰✰✰,✰✰✰✰,✰✰✰✰,datasong/album/leyenda.jpg,sinvideo,https://drive.google.com/file/d/1D7rQhv_tZnijOPTeQL7YHVvsEb4wOwnf,https://www.mediafire.com/file/og6gty5ma9vsw1x,,,,,,,,,,,,,,,,,,,,,,,,,,,,,,,,,,,,,
37,El libro de las sombras,"Hechizos, Pocimas y Brujeria","Qweflol, ZpyrRX",no,si,★★★★,★★★★,★★★★,★★★★,★★★★,datasong/album/leyenda.jpg,https://www.youtube.com/embed/d8KnSpGwf6M,https://drive.google.com/file/d/1DI8V3YBL8__lMAKNm7-kePY3pBhZvCW5,https://www.mediafire.com/file/mucb0ea6xtbgml4,,,,,,,,,,,,,,,,,,,,,,,,,,,,,,,,,,,,,
38,El mercado de las brujas,"Hechizos, Pocimas y Brujeria",Danon94,no,no,✰✰✰★,✰✰✰✰,✰✰✰✰,✰✰✰✰,✰✰✰✰,datasong/album/hechizos.jpg,https://www.youtube.com/embed/d7YOiHK3I0A,https://drive.google.com/file/d/1DpVeZ1IPpCuIrYregnaohrwkepD4bAVH,https://www.mediafire.com/file/p1b364347jata4p,,,,,,,,,,,,,,,,,,,,,,,,,,,,,,,,,,,,,
39,El pacto (En Vivo),Madrid las Ventas,LMBECIL1832,no,si,✰✰✰★,✰✰✰✰,✰✰✰✰,✰✰✰✰,✰✰✰✰,datasong/album/madridlasv.jpg,https://www.youtube.com/embed/6wVFUz-oI4c,https://drive.google.com/file/d/1E386Cfjc2XlpR_tM31WoxzwE4dDpnPr0,https://www.mediafire.com/file/o8hf0rwgawpvn1g,,,,,,,,,,,,,,,,,,,,,,,,,,,,,,,,,,,,,
40,El paseo de los tristes,Gaia II: La Voz Dormida,Daniel,no,no,✰✰✰★,✰✰✰✰,✰✰✰✰,✰✰✰✰,✰✰✰✰,datasong/album/gaia_ll.jpg,sinvideo,https://drive.google.com/file/d/1E9M5ttJJPsBl5pXVKfHkArm45_7Zzxvj,https://www.mediafire.com/file/tp04l3oc982uuua,,,,,,,,,,,,,,,,,,,,,,,,,,,,,,,,,,,,,
41,El paseo de los tristes,Gaia II: La Voz Dormida,Danon94,no,no,✰✰✰★,✰✰✰✰,✰✰✰✰,✰✰✰✰,✰✰✰✰,datasong/album/gaia_ll.jpg,https://www.youtube.com/embed/pUGAVfDzNKc,https://drive.google.com/file/d/1FTBVeCm6Yuv7AuVn6_w64xRkT_JtMIeZ,https://www.mediafire.com/file/3o9ahv0sm9q95kr,,,,,,,,,,,,,,,,,,,,,,,,,,,,,,,,,,,,,
42,El paseo de los tristes,Gaia II: La Voz Dormida,GhostByob,no,no,✰✰✰★,✰✰✰✰,✰✰✰✰,✰✰✰✰,✰✰✰✰,datasong/album/gaia_ll.jpg,sinvideo,https://drive.google.com/file/d/1Fik69x9B2V5loQlMj8-r_q0YW6aLZlQA,https://www.mediafire.com/file/so56xj0x93hghk0,,,,,,,,,,,,,,,,,,,,,,,,,,,,,,,,,,,,,
43,El poema de la lluvia triste 2.0,CeltiLand,Zbagint,si,no,✰✰✰★,✰✰✰✰,✰✰✰✰,✰✰✰✰,✰✰✰✰,datasong/album/finisterra.jpg,https://www.youtube.com/embed/DZggQSj-2yQ,https://drive.google.com/file/d/1GFGrlO4_gj1fD7G-zqaY0F7TVecRAluZ,https://www.mediafire.com/file/uwal657ma9o7g2o,,,,,,,,,,,,,,,,,,,,,,,,,,,,,,,,,,,,,
44,El que quiera entender que entienda,Finisterra,aeromark,no,no,✰✰✰★,✰✰✰✰,✰✰✰✰,✰✰✰✰,✰✰✰✰,datasong/album/finisterra.jpg,https://www.youtube.com/embed/3n9xwfdr9ok,https://drive.google.com/file/d/1IMrJpEjN6SOG7yhKv_JPn2XFzjJBQYNs,https://www.mediafire.com/file/l2x8yct9x9xs276,,,,,,,,,,,,,,,,,,,,,,,,,,,,,,,,,,,,,
45,El que quiera entender que entienda,Finisterra,Albertus,no,no,✰★★★,✰✰✰✰,✰✰✰✰,✰✰✰✰,✰✰✰✰,datasong/album/finisterra.jpg,sinvideo,https://drive.google.com/file/d/1IbBjQlck9Cvs8e4iCgeDtBOd4BQ6KMV-,https://www.mediafire.com/file/31ks1z324jthtmp,,,,,,,,,,,,,,,,,,,,,,,,,,,,,,,,,,,,,
46,El que quiera entender que entienda,Finisterra,LMBECIL1832,si,si,✰✰✰★,✰✰✰✰,✰✰✰✰,✰✰✰★,✰✰✰✰,datasong/album/finisterra.jpg,https://www.youtube.com/embed/EzPXLRa9D7A,https://drive.google.com/file/d/1JByEJSE7R97n1OE6w_6E1Sfu6r9t5u8t,https://www.mediafire.com/file/fnagulcu0d0u8d1,,,,,,,,,,,,,,,,,,,,,,,,,,,,,,,,,,,,,
47,El rincon de los sentidos,La Ciudad de los Arboles,Lost,si,no,✰✰✰★,✰✰✰✰,✰✰✰✰,✰✰✰✰,✰✰✰✰,datasong/album/losarboles.jpg,sinvideo,https://drive.google.com/file/d/1JJ8GiFkniuwLj0DgqI0BjgwZU_DCtRw-,https://www.mediafire.com/file/08442gzeuy1o5g0,,,,,,,,,,,,,,,,,,,,,,,,,,,,,,,,,,,,,
48,El rincon de los sentidos,La Ciudad de los Arboles,Row,no,no,✰✰✰★,✰✰✰✰,✰✰✰✰,✰✰✰✰,✰✰✰✰,datasong/album/losarboles.jpg,https://www.youtube.com/embed/sH0uqQc3Sq4,https://drive.google.com/file/d/1JTxkc-9d7d7_YRLT0Ij2YTvRBYElQ67j,https://www.mediafire.com/file/q1a0prfowgkwyvd,,,,,,,,,,,,,,,,,,,,,,,,,,,,,,,,,,,,,
49,El santo grial,La Leyenda de la Mancha,aeromark,no,no,✰✰✰★,✰✰✰✰,✰✰✰✰,✰✰✰✰,✰✰✰✰,datasong/album/leyenda.jpg,https://www.youtube.com/embed/09K1JOonFhY,https://drive.google.com/file/d/1JWOT7U-rrn0tFK9fqxtcf3TMMjoBTOTL,https://www.mediafire.com/file/28zamg10qsxk7x9,,,,,,,,,,,,,,,,,,,,,,,,,,,,,,,,,,,,,
50,El santo grial,La Leyenda de la Mancha,hereje888,no,no,★★★★,✰✰✰✰,✰✰✰✰,✰✰✰✰,✰✰✰✰,datasong/album/leyenda.jpg,https://www.youtube.com/embed/guPDzW-gN_M,https://drive.google.com/file/d/1KdnA7rz3EOeFKDF7j20icKYek9E4Fh_6,https://www.mediafire.com/file/ejvrvd81t1nxdgm,,,,,,,,,,,,,,,,,,,,,,,,,,,,,,,,,,,,,
51,El santo grial,La Leyenda de la Mancha,LMBECIL1832,no,si,✰✰✰★,✰✰✰✰,✰✰✰✰,✰✰✰★,✰✰✰✰,datasong/album/leyenda.jpg,https://www.youtube.com/embed/9nXWnawligk,https://drive.google.com/file/d/1KknijTg02ILQ_QV3D4L7rfMFX27wfSUs,https://www.mediafire.com/file/9zhex9d98psw58b,,,,,,,,,,,,,,,,,,,,,,,,,,,,,,,,,,,,,
52,El señor de los gramillos,Finisterra,Danon94,no,si,✰✰✰★,✰✰✰✰,✰✰✰✰,✰✰✰✰,✰✰✰✰,datasong/album/finisterra.jpg,https://www.youtube.com/embed/r3J6Q2baaPs,https://drive.google.com/file/d/1KpxN0Auipsuz7dcdmZi4lvOwNoeBU_bp,https://www.mediafire.com/file/j4098vd8bf6drsj,,,,,,,,,,,,,,,,,,,,,,,,,,,,,,,,,,,,,
53,El señor de los gramillos,Finisterra,LMBECIL1832,no,si,✰✰✰★,✰✰✰✰,✰✰✰✰,✰✰✰✰,✰✰✰✰,datasong/album/finisterra.jpg,https://www.youtube.com/embed/xMUpCGrajSI,https://drive.google.com/file/d/1Kz6ZaSnqK8NHdbjoOS7a_deFx_O7-BNB,https://www.mediafire.com/file/2x1tkvvca806rys,,,,,,,,,,,,,,,,,,,,,,,,,,,,,,,,,,,,,
54,El septimo sello,Ira Dei,Zbagint,si,no,✰✰✰★,✰✰✰✰,✰✰✰✰,✰✰✰✰,✰✰✰✰,datasong/album/iradei.jpg,sinvideo,https://drive.google.com/file/d/1LI_jVTSNP9GmE9khSJ0uzlSW2AzoCbrQ,https://www.mediafire.com/file/i8x92mlsk4vw4wz,,,,,,,,,,,,,,,,,,,,,,,,,,,,,,,,,,,,,
55,Fiesta pagana,Finistera,AleM,no,no,✰✰★★,✰✰✰✰,✰✰✰✰,✰✰✰✰,✰✰✰✰,datasong/album/finisterra.jpg,https://www.youtube.com/embed/4njxo9tjpU4,https://drive.google.com/file/d/1MQuiRe6GwirZ_Aj66rXuDTJEIPuCeQas,https://www.mediafire.com/file/v24hf3lvpds4wzd,,,,,,,,,,,,,,,,,,,,,,,,,,,,,,,,,,,,,
56,Fiesta pagana,Finisterra,bernie,no,si,★★★★,★★★★,★★★★,★★★★,★★★★,datasong/album/finisterra.jpg,https://www.youtube.com/embed/za1yz7L6jUs,https://drive.google.com/file/d/1Mn20OlH8E1w4koe7ZFtcU5CIumujlUPf,https://www.mediafire.com/file/26adb3fnfpmmwy5,,,,,,,,,,,,,,,,,,,,,,,,,,,,,,,,,,,,,
57,Fiesta pagana,Finisterra,Danon94,no,no,✰✰✰★,✰✰✰✰,✰✰✰✰,✰✰✰✰,✰✰✰✰,datasong/album/finisterra.jpg,https://www.youtube.com/embed/sFy48Ch2TK4,https://drive.google.com/file/d/1Mp4R1XRj3dw3ymGQ2-cq7lcPPZsSObyd,https://www.mediafire.com/file/a9brw9kzesh63p9,,,,,,,,,,,,,,,,,,,,,,,,,,,,,,,,,,,,,
58,Fiesta pagana 2.0,CeltiLand,Sheishuu,no,si,✰✰✰★,✰✰✰✰,✰✰✰✰,✰✰✰✰,✰✰✰✰,datasong/album/celtiland.jpg,sinvideo,https://drive.google.com/file/d/1NSfQzG-mc3p4UNrOCOf7xXNjeR0B5MDb,https://www.mediafire.com/file/cgvktxfp7nuc7wd,,,,,,,,,,,,,,,,,,,,,,,,,,,,,,,,,,,,,
59,Finisterra,Finisterra,Danon94,no,no,✰✰✰★,✰✰✰✰,✰✰✰✰,✰✰✰✰,✰✰✰✰,datasong/album/finisterra.jpg,https://www.youtube.com/embed/CGUZRrQ2Um8,https://drive.google.com/file/d/1NqkU6mYVlpNZnGPnsYa1oqTCnPmMBf4j,https://www.mediafire.com/file/x84cpukihcnue64,,,,,,,,,,,,,,,,,,,,,,,,,,,,,,,,,,,,,
60,Finisterra,Finisterra,Darkof GT,no,no,✰✰✰★,✰✰✰✰,✰✰✰✰,✰✰✰✰,✰✰✰✰,datasong/album/finisterra.jpg,https://www.youtube.com/embed/BIxAOHjZiOM,https://drive.google.com/file/d/1O6hezO6Xn8Rf3Gt4Ee40jeTCxzUV9LXP,https://www.mediafire.com/file/03ac4obc6eulcmy,,,,,,,,,,,,,,,,,,,,,,,,,,,,,,,,,,,,,
61,Finisterra,Finisterra,Jose_elsopa,no,no,✰✰✰★,✰✰✰✰,✰✰✰✰,✰✰✰✰,✰✰✰✰,datasong/album/finisterra.jpg,https://www.youtube.com/embed/Wu3sFhn86Y0,https://drive.google.com/file/d/1O7l7o8zuv-GdcqgC1OeSMyXHELi7MmIQ,https://www.mediafire.com/file/idwyhubwkoaklxw,,,,,,,,,,,,,,,,,,,,,,,,,,,,,,,,,,,,,
62,Fuerza y honor el dorado,Gaia III: Atlantia,LMBECIL1832,no,no,✰✰✰★,✰✰✰★,✰✰✰✰,✰✰✰✰,✰✰✰✰,datasong/album/gaia_ll.jpg,https://www.youtube.com/embed/WBdmcl50dpg,https://drive.google.com/file/d/1O7sGLB_3JIf52xMcbj7eh-L0MeYGAtvX,https://www.mediafire.com/file/bl8hngzfzp1h59z,,,,,,,,,,,,,,,,,,,,,,,,,,,,,,,,,,,,,
63,Fur immer,Gaia III: Atlantia,Andestruction,no,no,✰✰✰★,✰✰✰✰,✰✰✰✰,✰✰✰✰,✰✰✰✰,datasong/album/gaia_ll.jpg,https://www.youtube.com/embed/f_OcZwRpOL4,https://drive.google.com/file/d/1O8OxoQFU4mdEv_pJYZ3eYYgaZkjFiQgK,https://www.mediafire.com/file/z70z951jz37s5a0,,,,,,,,,,,,,,,,,,,,,,,,,,,,,,,,,,,,63,63
64,Fur immer,Gaia III: Atlantia,Danon94,no,si,✰✰✰★,✰✰✰✰,✰✰✰✰,✰✰✰✰,✰✰✰✰,datasong/album/gaia_ll.jpg,https://www.youtube.com/embed/bSZmgIpo9OE,https://drive.google.com/file/d/1OIhpQtdzQU1XmRjU2fpNkOesP5IcWTVO,https://www.mediafire.com/file/p8m4lsfw8t4edlf,,,,,,,,,,,,,,,,,,,,,,,,,,,,,,,,,,,,,
65,Gaia,Gaia,Danon94,no,si,✰✰✰★,✰✰✰✰,✰✰✰✰,✰✰✰✰,✰✰✰✰,datasong/album/gaia.jpg,https://www.youtube.com/embed/dzOWjhNdUMw,https://drive.google.com/file/d/1OJt0bLWwTBARi8tstQsznW-7uXyyWzAc,https://www.mediafire.com/file/9prnp3z760xh1qf,,,,,,,,,,,,,,,,,,,,,,,,,,,,,,,,,,,,,
66,Gaia,Gaia,Smuggling,no,no,✰✰✰★,✰✰✰✰,✰✰✰✰,✰✰✰✰,✰✰✰✰,datasong/album/gaia.jpg,https://www.youtube.com/embed/10brSOEGjpw,https://drive.google.com/file/d/1PBfKTA83mreuXl50cSRiMcBmoa3B31eR,https://www.mediafire.com/file/xry7ukok99chj7e,,,,,,,,,,,,,,,,,,,,,,,,,,,,,,,,,,,,,
67,Gaia,Gaia,vpetrucci93,no,no,★★★★,✰✰✰✰,✰✰✰✰,✰✰✰✰,✰✰✰✰,datasong/album/gaia.jpg,sinvideo,https://drive.google.com/file/d/1PnhYfa7OmapK-fBVCghm-K756GTAFG_R,https://www.mediafire.com/file/20y8x8ojq1e258d,,,,,,,,,,,,,,,,,,,,,,,,,,,,,,,,,,,,,
68,Girls just want to have fun (Cover),Que el Viento Sople a tu Favor,"Dayaah, LMBECIL1832",no,si,✰✰✰★,✰✰✰✰,✰✰✰✰,✰✰✰✰,✰✰✰✰,datasong/album/atufavor.jpg,https://www.youtube.com/embed/b2p1yAiAFHg,https://drive.google.com/file/d/1QnPrJRxEC1zLlPe944ByQV7WQa8euQn1,https://www.mediafire.com/file/8jmomnf0gc4qfwy,,,,,,,,,,,,,,,,,,,,,,,,,,,,,,,,,,,,,
69,Hasta que el cuerpo aguante,Finisterra,Danon94,no,si,✰✰✰★,✰✰✰✰,✰✰✰✰,✰✰✰✰,✰✰✰✰,datasong/album/finisterra.jpg,https://www.youtube.com/embed/4-LVR63f3WU,https://drive.google.com/file/d/1Qoxfu8e_tQa9c3SUBIGwAvF9Vm80I4nE,https://www.mediafire.com/file/bebrfta0zdud99c,,,,,,,,,,,,,,,,,,,,,,,,,,,,,,,,,,,,,
70,Hasta que el cuerpo aguante,Finisterra,Mastergox,no,si,★★★★,★★★★,★★★★,★★★★,★★★★,datasong/album/finisterra.jpg,sinvideo,https://drive.google.com/file/d/1R3PQwuwbOFPRKFoyYiycuoYe0RIwDThg,https://www.mediafire.com/file/nmt14beyh4hw0o1,,,,,,,,,,,,,,,,,,,,,,,,,,,,,,,,,,,,,
71,Hasta que tu muerte nos separe,Jesus de chamberi,highfine,no,si,✰✰✰★,✰✰✰★,✰✰✰✰,✰✰✰✰,✰✰✰✰,datasong/album/chamberi.jpg,https://www.youtube.com/embed/liO9ZKLDrBs,https://drive.google.com/file/d/1RDVcUAEackMOIijfx8oIivTUkla63eTU,https://www.mediafire.com/file/1bcxh10urb46b0s,,,,,,,,,,,,,,,,,,,,,,,,,,,,,,,,,,,,,
72,Hasta que tu muerte nos separe (Version Orquestal),Belfast,Danon94,no,si,✰✰✰★,✰✰✰✰,✰✰✰✰,✰✰✰✰,✰✰✰✰,datasong/album/belfast.jpg,https://www.youtube.com/embed/Lt2eB9Zpmnw,https://drive.google.com/file/d/1RyRdpX-LtU3XCS2WprzeQlzrLyQZmLWL,https://www.mediafire.com/file/av6wis1b6k2cgnn,,,,,,,,,,,,,,,,,,,,,,,,,,,,,,,,,,,,,
73,Hoy toca ser feliz,Gaia II: La Voz Dormida,Kisame,no,no,✰✰✰★,✰✰✰✰,✰✰✰✰,✰✰✰✰,✰✰✰✰,datasong/album/gaia_ll.jpg,sinvideo,https://drive.google.com/file/d/1SQ46h83mUbbsVIqnAUz7m8PxJ26Pa2OM,https://www.mediafire.com/file/q0irp91xnx71ttk,,,,,,,,,,,,,,,,,,,,,,,,,,,,,,,,,,,,,
74,Ilussia,Ilussia,Kisame,no,no,✰✰✰★,✰✰✰✰,✰✰✰✰,✰✰✰✰,✰✰✰✰,datasong/album/ilussia.jpg,sinvideo,https://drive.google.com/file/d/1Sa-WtfAmu6P-egA2nI-EezT3HUJCRxhb,https://www.mediafire.com/file/hmopw8z4e16yuty,,,,,,,,,,,,,,,,,,,,,,,,,,,,,,,,,,,,,
75,In eternum,Ira Dei,Kisame,no,no,✰✰✰★,✰✰✰✰,✰✰✰✰,✰✰✰✰,✰✰✰✰,datasong/album/iradei.jpg,sinvideo,https://drive.google.com/file/d/1Sa0Gi73H3K7_vT7MWHcSg4h39PuB_roA,https://www.mediafire.com/file/onzpnxavq62fc8p,,,,,,,,,,,,,,,,,,,,,,,,,,,,,,,,,,,,,
76,In eternum,Ira Dei,OmegaT,no,si,✰✰✰★,✰✰✰✰,✰✰✰✰,✰✰✰✰,✰✰✰✰,datasong/album/iradei.jpg,sinvideo,https://drive.google.com/file/d/1SgCZWCUX9o4E16LNvkwpC6aTqivkWBqF,https://www.mediafire.com/file/2ci5n6t3p1exc8a,,,,,,,,,,,,,,,,,,,,,,,,,,,,,,,,,,,,,
77,Ira dei,Ira Dei,BernardFrey,no,no,✰✰✰★,✰✰✰✰,✰✰✰✰,✰✰✰✰,✰✰✰✰,datasong/album/iradei.jpg,https://www.youtube.com/embed/al-0uXg_b38,https://drive.google.com/file/d/1SmAaqqya4aFsm8qp3gGuFvLAUXwTv9wz,https://www.mediafire.com/file/p9ouq82ps4lu9iv,,,,,,,,,,,,,,,,,,,,,,,,,,,,,,,,,,,,,
78,Jesus de chamberi,Jesus de chamberi,Kisame,no,no,✰✰✰★,✰✰✰✰,✰✰✰✰,✰✰✰✰,✰✰✰✰,datasong/album/chamberi.jpg,sinvideo,https://drive.google.com/file/d/1TWIuH020ScxaDzxRd-tZe8a9RiHTXHsr,https://www.mediafire.com/file/ruyhyfwkkv3n5a1,,,,,,,,,,,,,,,,,,,,,,,,,,,,,,,,,,,,,
79,Jesus de chamberi,Jesus de chamberi,OxZaTaNxO,no,no,★★★★,✰✰✰✰,✰✰✰✰,✰✰✰✰,✰✰✰✰,datasong/album/iradei.jpg,https://www.youtube.com/embed/26hoY1tvDIE,https://drive.google.com/file/d/1URsPoEgQ8280fvxR5Uf6oAiUQnjjfGmQ,https://www.mediafire.com/file/jbhc09qf8hr75gn,,,,,,,,,,,,,,,,,,,,,,,,,,,,,,,,,,,,,
80,Jesus de chamberi 2.0,The Best of Oz,Darkof GT,no,no,✰✰✰★,✰✰✰✰,✰✰✰✰,✰✰✰✰,✰✰✰✰,datasong/album/thebestoz.jpg,https://www.youtube.com/embed/jBQF_AaW-qQ,https://drive.google.com/file/d/1UguxNZ1vnaD766M-uCLQKslRZE8k5vf-,https://www.mediafire.com/file/272ym92bhkgzdt7,,,,,,,,,,,,,,,,,,,,,,,,,,,,,,,,,,,,,
81,Judas,Jesus de chamberi,Jose_elsopa,no,no,✰✰✰★,✰✰✰✰,✰✰✰✰,✰✰✰✰,✰✰✰✰,datasong/album/chamberi.jpg,sinvideo,https://drive.google.com/file/d/1UkFqtiSypbYhO6RpN6ygSDHlrwxtMrqG,https://www.mediafire.com/file/us3qkp4h78usxa2,,,,,,,,,,,,,,,,,,,,,,,,,,,,,,,,,,,,,
82,Kelpie,Finisterra,Danon94,no,no,✰✰✰★,✰✰✰✰,✰✰✰✰,✰✰✰✰,✰✰✰✰,datasong/album/finisterra.jpg,https://www.youtube.com/embed/tAbVdrWgwxo,https://drive.google.com/file/d/1VN8IyZKO9mZeUsu3UwtloMo7fEBxgfkY,https://www.mediafire.com/file/bxrcua95zlnpo5v,,,,,,,,,,,,,,,,,,,,,,,,,,,,,,,,,,,,,
83,La cantata del diablo,Gaia II: La Voz Dormida,Danon94,no,si,✰✰✰★,✰✰✰✰,✰✰✰✰,✰✰✰✰,✰✰✰✰,datasong/album/gaia_ll.jpg,https://www.youtube.com/embed/md53mtDblTo,https://drive.google.com/file/d/1XmLPhe7o7C2QoC9rlwu0zM8lUd4N0QEm,https://www.mediafire.com/file/ozo0opmujo02mxe,,,,,,,,,,,,,,,,,,,,,,,,,,,,,,,,,,,,,
84,La cantata del diablo,Gaia II: La Voz Dormida,Dayaah,no,no,✰✰✰★,✰✰✰✰,✰✰✰✰,✰✰✰✰,✰✰✰✰,datasong/album/gaia_ll.jpg,sinvideo,https://drive.google.com/file/d/1YdSf3AWOZeknNtbbfdyCsSfkkxet_5sm,https://www.mediafire.com/file/5s01ah7l8ubulxi,,,,,,,,,,,,,,,,,,,,,,,,,,,,,,,,,,,,,
85,La cantata del diablo,Gaia II: La Voz Dormida,metalli3212,no,si,✰✰✰★,✰✰✰✰,✰✰✰✰,✰✰✰✰,✰✰✰✰,datasong/album/gaia_ll.jpg,sinvideo,https://drive.google.com/file/d/1b9N7i7fGKfcMAj65FfEmVGuz7BfWEUAD,https://www.mediafire.com/file/g0xl3686bghciyq,,,,,,,,,,,,,,,,,,,,,,,,,,,,,,,,,,,,,
86,La cantiga de las brujas,Ira Dei,Zbagint,si,no,✰✰✰★,✰✰✰✰,✰✰✰✰,✰✰✰✰,✰✰✰✰,datasong/album/iradei.jpg,https://www.youtube.com/embed/vtnn-v8Mtn4,https://drive.google.com/file/d/1bC_qYbbQ_VoYN_SqhFFtf2R4n70W0tDf,https://www.mediafire.com/file/19ahh59ogoiao8t,,,,,,,,,,,,,,,,,,,,,,,,,,,,,,,,,,,,,
87,La ciudad de los arboles,La Ciudad de los Arboles,Danon94,no,si,✰✰✰★,✰✰✰✰,✰✰✰✰,✰✰✰✰,✰✰✰✰,datasong/album/losarboles.jpg,https://www.youtube.com/embed/7mNe_pZpI3Y,https://drive.google.com/file/d/1cj8ciynF6OXD1kVfori4sVRIqxTDsvvC,https://www.mediafire.com/file/rp6mykmfx9pn1tm,,,,,,,,,,,,,,,,,,,,,,,,,,,,,,,,,,,,,
88,La conquista,Gaia,Danon94,no,si,✰✰✰★,✰✰✰✰,✰✰✰✰,✰✰✰✰,✰✰✰✰,datasong/album/gaia.jpg,https://www.youtube.com/embed/WUVjXDT28tM,https://drive.google.com/file/d/1dpszH4RRsU8OvUOrZc9NccaNJRaxk4PN,https://www.mediafire.com/file/aenhonbd2celhn8,,,,,,,,,,,,,,,,,,,,,,,,,,,,,,,,,,,,,
89,La costa del silencio,Gaia,AdLozanOff,si,no,✰✰✰★,✰✰✰✰,✰✰✰✰,✰✰✰✰,✰✰✰✰,datasong/album/gaia.jpg,https://www.youtube.com/embed/FFDP7fDn6OA,https://drive.google.com/file/d/1dy0jmhbuRTnZOpfhF36lw8lOfpAyKteC,https://www.mediafire.com/file/6bppmlpcp9llbdc,,,,,,,,,,,,,,,,,,,,,,,,,,,,,,,,,,,,,
90,La costa del silencio,Gaia,AleM,no,no,✰✰★★,✰✰✰✰,✰✰★★,✰✰✰✰,✰✰✰✰,datasong/album/gaia.jpg,https://www.youtube.com/embed/ZaB5v_1PS_E,https://drive.google.com/file/d/1eW1uo2-E0B0JyyEiRh_G8EC-ZfTN_C8t,https://www.mediafire.com/file/ib2mtslrky0eecb,,,,,,,,,,,,,,,,,,,,,,,,,,,,,,,,,,,,,
91,La costa del silencio,Gaia,Anderick,no,si,✰✰✰★,✰✰✰✰,✰✰✰✰,✰✰✰✰,✰✰✰✰,datasong/album/gaia.jpg,https://www.youtube.com/embed/fgeFip4brBA,https://drive.google.com/file/d/1eXUNSJqznoivV0hi6hoD1gSLVeZIFGVv,https://www.mediafire.com/file/mcj2wibxvkjf3qn,,,,,,,,,,,,,,,,,,,,,,,,,,,,,,,,,,,,,
92,La cruz de santiago,Finisterra,Danon94,no,no,✰✰✰★,✰✰✰✰,✰✰✰✰,✰✰✰✰,✰✰✰✰,datasong/album/finisterra.jpg,https://www.youtube.com/embed/9yjiYwBm97Y,https://drive.google.com/file/d/1eiMpqKvsydnqUys66VX3tGliJC9ZEqXT,https://www.mediafire.com/file/kmewytquzp7gima,,,,,,,,,,,,,,,,,,,,,,,,,,,,,,,,,,,,,
93,La cruz de santiago,Finisterra,Darkof GT,no,no,✰✰✰★,✰✰✰✰,✰✰✰✰,✰✰✰✰,✰✰✰✰,datasong/album/finisterra.jpg,https://www.youtube.com/embed/Y4-OLsZ36w4,https://drive.google.com/file/d/1f6K6-VlgAQvCImir1A-xWXlq7d9YWvYH,https://www.mediafire.com/file/hih2ztd57o1zp1k,,,,,,,,,,,,,,,,,,,,,,,,,,,,,,,,,,,,,
94,La cruz de santiago 2.0,Finisterra,Danon94,no,si,✰✰✰★,✰✰✰✰,✰✰✰✰,✰✰✰✰,✰✰✰✰,datasong/album/finisterra.jpg,https://www.youtube.com/embed/QSkhRG2B5qA,https://drive.google.com/file/d/1fN-tJP4dekCsLvcsYblhvDPiSIbzg-8t,https://www.mediafire.com/file/iikxu1eh9998kba,,,,,,,,,,,,,,,,,,,,,,,,,,,,,,,,,,,,,
95,La danza del fuego,Finisterra,LMBECIL1832,no,si,✰✰✰★,✰✰✰✰,✰✰✰✰,✰✰✰✰,✰✰✰✰,datasong/album/finisterra.jpg,https://www.youtube.com/embed/6kwh82RpKyM,https://drive.google.com/file/d/1f_xm356ORZLmklLiPTRDVfh_HphCdyj8,https://www.mediafire.com/file/98g1a5kif0vfjte,,,,,,,,,,,,,,,,,,,,,,,,,,,,,,,,,,,,,
96,La posada de los muertos,Gaia II: La Voz Dormida,sVmAcHiNe,no,no,✰✰★✰,✰✰✰✰,✰✰✰✰,✰✰✰✰,✰✰✰✰,datasong/album/gaia_ll.jpg,sinvideo,https://drive.google.com/file/d/1fccPAFMLsh66CkiVdhdhJ9WOZoB8i6F2,https://www.mediafire.com/file/6nn1u4wophiaq9d,,,,,,,,,,,,,,,,,,,,,,,,,,,,,,,,,,,,,
97,La rosa de los vientos (Version Metal),Belfast,Andestruction,si,no,✰✰✰★,✰✰✰✰,✰✰✰✰,✰✰✰✰,✰✰✰✰,datasong/album/belfast.jpg,https://www.youtube.com/embed/u4oBG14QEYI,https://drive.google.com/file/d/1fjah_6OG0CeGOmIb7qUVIHb3AeOPX_o4,https://www.mediafire.com/file/tb8xk59t1l57w7k,,,,,,,,,,,,,,,,,,,,,,,,,,,,,,,,,,,,,
98,La rosa de los vientos (Version Metal),Belfast,Danon94,no,no,✰✰✰★,✰✰✰✰,✰✰✰✰,✰✰✰✰,✰✰✰✰,datasong/album/belfast.jpg,https://www.youtube.com/embed/nZxpwUe3A90,https://drive.google.com/file/d/1g5s2EuC4sg2e0ufRrGij4Aj-QWn8CW1i,https://www.mediafire.com/file/chdyj1lf2f85h0w,,,,,,,,,,,,,,,,,,,,,,,,,,,,,,,,,,,,,
99,La santa compaña,Finisterra,Danon94,no,si,✰✰✰★,✰✰✰✰,✰✰✰✰,✰✰✰✰,✰✰✰✰,datasong/album/finisterra.jpg,https://www.youtube.com/embed/4R08TxA4FTw,https://drive.google.com/file/d/1hGplul8qjSAQvKcW5h7l6laC1w8cTwxE,https://www.mediafire.com/file/uq7irpcfuim0n23,,,,,,,,,,,,,,,,,,,,,,,,,,,,,,,,,,,,,
100,La santa compaña,Finisterra,_edxgbrn,no,no,✰✰✰★,✰✰✰✰,✰✰✰✰,✰✰✰✰,✰✰✰✰,datasong/album/finisterra.jpg,sinvideo,https://drive.google.com/file/d/1hZouXYIyLcCznADlm3KqOp60wnIemONx,https://www.mediafire.com/file/a5l83k0yh9y1r9h,,,,,,,,,,,,,,,,,,,,,,,,,,,,,,,,,,,,,
101,La santa compaña,Finisterra,Prothocrice,no,no,✰✰✰★,✰✰✰✰,✰✰✰✰,✰✰✰✰,✰✰✰✰,datasong/album/finisterra.jpg,https://www.youtube.com/embed/SeVOytT2VLk,https://drive.google.com/file/d/1hhfOJDPVYNPrrscUbJFg90albudn8MQS,https://www.mediafire.com/file/x8k1laauwujtlba,,,,,,,,,,,,,,,,,,,,,,,,,,,,,,,,,,,,,
102,La soga del muerto,Gaia III: Atlantia,LMBECIL1832,no,si,✰✰✰★,✰✰✰✰,✰✰✰✰,✰✰✰✰,✰✰✰✰,datasong/album/gaia_lll.jpg,https://www.youtube.com/embed/wM9a23xyWec,https://drive.google.com/file/d/1inmzob5PNP4e4EM8R-ztxvYAsjYwH0zy,https://www.mediafire.com/file/93m7wxqludzilgu,,,,,,,,,,,,,,,,,,,,,,,,,,,,,,,,,,,,,
103,La venganza de gaia,Gaia,Danon94,no,si,✰✰✰★,✰✰✰✰,✰✰✰✰,✰✰✰✰,✰✰✰✰,datasong/album/gaia.jpg,https://www.youtube.com/embed/GxliQfyQN9o,https://drive.google.com/file/d/1jn5q92RgdVnENsNkl3kQ2cDP8pugSTah,https://www.mediafire.com/file/cndrpz5kic49752,,,,,,,,,,,,,,,,,,,,,,,,,,,,,,,,,,,,,
104,La voz dormida,Gaia II: La Voz Dormida,Darkof GT,no,no,✰✰✰★,✰✰✰✰,✰✰✰✰,✰✰✰✰,✰✰✰✰,datasong/album/gaia_ll.jpg,https://www.youtube.com/embed/G1ykdTcilQ,https://drive.google.com/file/d/1kjPYeAps5yLwWqB1Gq1nHt53BFq-Yovb,https://www.mediafire.com/file/91d4sqqstn5h47p,,,,,,,,,,,,,,,,,,,,,,,,,,,,,,,,,,,,,
105,La voz dormida,Gaia II: La Voz Dormida,LMBECIL1832,no,si,✰✰✰★,✰✰✰✰,✰✰✰✰,✰✰✰✰,✰✰✰✰,datasong/album/gaia_ll.jpg,https://www.youtube.com/embed/6CnK613mmjI,https://drive.google.com/file/d/1kqCPdRCL6gDRrSaDXkgLky6PX7Iam_tv,https://www.mediafire.com/file/u80i2t808cj1ov2,,,,,,,,,,,,,,,,,,,,,,,,,,,,,,,,,,,,,
106,La voz dormida,Gaia II: La Voz Dormida,Metallicamilo311,si,no,✰✰✰★,✰✰✰✰,✰✰✰✰,✰✰✰✰,✰✰✰✰,datasong/album/gaia_ll.jpg,https://www.youtube.com/embed/zR3KW7iEv_k,https://drive.google.com/file/d/1l5kIyzgrbHoAiqeBAkXQhDQfdkU_vMZU,https://www.mediafire.com/file/spsrbb9ms3b12km,,,,,,,,,,,,,,,,,,,,,,,,,,,,,,,,,,,,,
107,Las lagrimas de gaia,Gaia: Epilogo,Alevd93,no,no,✰✰✰★,✰✰✰✰,✰✰✰✰,✰✰✰✰,✰✰✰✰,datasong/album/gaia_ep.jpg,sinvideo,https://drive.google.com/file/d/1lD7w8hjnMc_gdNUTN2-TYmGuffiLGzAN,https://www.mediafire.com/file/7n7vdhsr9gmwuvs,,,,,,,,,,,,,,,,,,,,,,,,,,,,,,,,,,,,,
108,Los renglones torcidos de dios,Finisterra,Alevd93,no,no,✰✰✰★,✰✰✰✰,✰✰✰✰,✰✰✰✰,✰✰✰✰,datasong/album/finisterra.jpg,sinvideo,https://drive.google.com/file/d/1lGctSZJvITiKW7qzqde3Fsg8-rrOzLAB,https://www.mediafire.com/file/9or5eetubpbkxyj,,,,,,,,,,,,,,,,,,,,,,,,,,,,,,,,,,,,,
109,Los renglones torcidos de dios,Finisterra,Danon94,no,si,✰✰✰★,✰✰✰✰,✰✰✰✰,✰✰✰✰,✰✰✰✰,datasong/album/finisterra.jpg,https://www.youtube.com/embed/xvsKpOl4BsU,https://drive.google.com/file/d/1lMQKdcWdVURPbAXOrhVErKkPFjjOa1xl,https://www.mediafire.com/file/xnov7lu41vtfw11,,,,,,,,,,,,,,,,,,,,,,,,,,,,,,,,,,,,,
110,Los renglones torcidos de dios,Finisterra,OxZaTaNxO,no,no,★★★★,✰✰✰✰,✰✰✰✰,✰✰✰✰,✰✰✰✰,datasong/album/finisterra.jpg,https://www.youtube.com/embed/ZgDp5KWY0so,https://drive.google.com/file/d/1n41PBYIeh0M-VyXjbxESKz0fwDjl41dm,https://www.mediafire.com/file/gyj1anaurtmqnuo,,,,,,,,,,,,,,,,,,,,,,,,,,,,,,,,,,,,,
111,Maite zaitut,Finisterra,Danon94,no,si,✰✰✰★,✰✰✰✰,✰✰✰✰,✰✰✰✰,✰✰✰✰,datasong/album/finisterra.jpg,https://www.youtube.com/embed/b1LUoWJzsk0,https://drive.google.com/file/d/1nGJ6JIjBYBw0t83s8kHGrb4YdqijF3VX,https://www.mediafire.com/file/0sw7dv4xvpnv9bu,,,,,,,,,,,,,,,,,,,,,,,,,,,,,,,,,,,,,
112,Mas que una intencion,Belfast,Danon94,no,no,✰✰✰★,✰✰✰✰,✰✰✰✰,✰✰✰✰,✰✰✰✰,datasong/album/belfast.jpg,https://www.youtube.com/embed/PE6ZWX2CXk0,https://drive.google.com/file/d/1nWZIlBm-Zz3X_3A06oab7TM3VAlNb8cV,https://www.mediafire.com/file/9s8wpn8jvcr2mr7,,,,,,,,,,,,,,,,,,,,,,,,,,,,,,,,,,,,,
113,Mas que una intencion,Belfast,Darkof GT,no,no,✰✰✰★,✰✰✰✰,✰✰✰✰,✰✰✰✰,✰✰✰✰,datasong/album/belfast.jpg,sinvideo,https://drive.google.com/file/d/1njM5F6VT2sGcjDbEQP04QZHyE2YAs8ZJ,https://www.mediafire.com/file/deotnbjtkmhdnqo,,,,,,,,,,,,,,,,,,,,,,,,,,,,,,,,,,,,,
114,Melodian,Ilussia,_edxgbrn,no,no,✰✰✰★,✰✰✰✰,✰✰✰✰,✰✰✰✰,✰✰✰✰,datasong/album/ilussia.jpg,sinvideo,https://drive.google.com/file/d/1oAGHQDmYtzU5_zYEiS9Ay1DSW0IDgtBF,https://www.mediafire.com/file/svc0c26jxk6duxj,,,,,,,,,,,,,,,,,,,,,,,,,,,,,,,,,,,,,
115,Melodian,Ilussia,Supradyke,si,no,✰✰✰★,✰✰✰✰,✰✰✰★,✰✰✰✰,✰✰✰✰,datasong/album/ilussia.jpg,sinvideo,https://drive.google.com/file/d/1oGh1A4XFwv7c1SZgySonSkjOKFhejWJs,https://www.mediafire.com/file/e7yyqmflqfvxfnj,,,,,,,,,,,,,,,,,,,,,,,,,,,,,,,,,,,,,
116,Mi hogar eres tu,Gaia III: Atlantia,Kisame,no,no,✰✰✰★,✰✰✰✰,✰✰✰✰,✰✰✰✰,✰✰✰✰,datasong/album/gaia_lll.jpg,sinvideo,https://drive.google.com/file/d/1oqlp6AoXWDjryY_vaWWUMJD3jYHYnmH_,https://www.mediafire.com/file/g3cliwx1nxjiino,,,,,,,,,,,,,,,,,,,,,,,,,,,,,,,,,,,,,
117,Mi nombre es rock & roll,La Ciudad de los Arboles,armag2,no,no,✰✰★★,✰✰✰✰,✰✰✰✰,✰✰✰✰,✰✰✰✰,datasong/album/losarboles.jpg,sinvideo,https://drive.google.com/file/d/1p2Vpk6LYH192a_-MwICf05dn1XOwamnm,https://www.mediafire.com/file/bw6jqxdvbvucs3o,,,,,,,,,,,,,,,,,,,,,,,,,,,,,,,,,,,,,
118,Molinos de viento,La Leyenda de la Mancha,bernie,no,si,★★★★,★★★★,★★★★,★★★★,★★★★,datasong/album/leyenda.jpg,https://www.youtube.com/embed/k2ZkjWNnj9A,https://drive.google.com/file/d/1p7aakeTz987j9RUlRHunq5k62m-BnFsN,https://www.mediafire.com/file/bh0jpxg8iz1b3k6,,,,,,,,,,,,,,,,,,,,,,,,,,,,,,,,,,,,,
119,Molinos de viento,La Leyenda de la Mancha,Danon94,no,si,✰✰✰★,✰✰✰✰,✰✰✰✰,✰✰✰✰,✰✰✰✰,datasong/album/leyenda.jpg,https://www.youtube.com/embed/CfVeq5ioydQ,https://drive.google.com/file/d/1pNzrdtltoFa6nCvzupqBQEHzPZwSM9Ps,https://www.mediafire.com/file/phxq4tb6cseskp1,,,,,,,,,,,,,,,,,,,,,,,,,,,,,,,,,,,,,
120,Molinos de viento (Version Acustica),Rarezas,LMBECIL1832,si,si,✰✰✰★,✰✰✰✰,✰✰✰✰,✰✰✰✰,✰✰✰✰,datasong/album/rarezas.jpg,https://www.youtube.com/embed/T9WVfA4Av2I,https://drive.google.com/file/d/1qDALVZZO2TJMtYN_enjvRk1OhTuz4fzZ,https://www.mediafire.com/file/ccz6kq91d99yfpd,,,,,,,,,,,,,,,,,,,,,,,,,,,,,,,,,,,,,
121,Pachamama,Rarezas,LMBECIL1832,no,no,✰✰✰★,✰✰✰✰,✰✰✰✰,✰✰✰✰,✰✰✰✰,datasong/album/rarezas.jpg,https://www.youtube.com/embed/H-GR_3mnI5A,https://drive.google.com/file/d/1qt-KUZBVtQsY2KQs4WadAhfFAI4bht2I,https://www.mediafire.com/file/myp823l8ylbduwc,,,,,,,,,,,,,,,,,,,,,,,,,,,,,,,,,,,,,
122,Pensando en ti,Rarezas,LMBECIL1832,no,si,✰✰✰★,✰✰✰✰,✰✰✰✰,✰✰✰✰,✰✰✰✰,datasong/album/rarezas.jpg,https://www.youtube.com/embed/UxPSvYYlUdg,https://drive.google.com/file/d/1quVOID6vX1AXMG5ApKUsWtIAsRgR0uP0,https://www.mediafire.com/file/p0w1wun6f7pqcy8,,,,,,,,,,,,,,,,,,,,,,,,,,,,,,,,,,,,,
123,Polla dura no cree en dios,Finisterra,LMBECIL1832,no,si,✰✰✰★,✰✰✰✰,✰✰✰✰,✰✰✰✰,✰✰✰✰,datasong/album/finisterra.jpg,https://www.youtube.com/embed/J_bO_-yOxmg,https://drive.google.com/file/d/1qza8eB7Xb6rpWC5Kf6U2o11ypspmha26,https://www.mediafire.com/file/ipegqyz3hk01dk6,,,,,,,,,,,,,,,,,,,,,,,,,,,,,,,,,,,,,
124,Requiem,La Leyenda de la Mancha,Daniel,no,no,✰✰✰★,✰✰✰✰,✰✰✰✰,✰✰✰✰,✰✰✰✰,datasong/album/leyenda.jpg,sinvideo,https://drive.google.com/file/d/1rWy5rqmfDvEmOPNVNuyyrXmXgqNfWSF0,https://www.mediafire.com/file/q1wu17vi2ttcu8a,,,,,,,,,,,,,,,,,,,,,,,,,,,,,,,,,,,,,
125,Requiem,La Leyenda de la Mancha,Danon94,no,si,✰✰✰★,✰✰✰✰,✰✰✰✰,✰✰✰✰,✰✰✰✰,datasong/album/leyenda.jpg,https://www.youtube.com/embed/YWRQowGx5K8,https://drive.google.com/file/d/1rri4-ikwhB4MAa8uE2s8ktieH_BSbqlo,https://www.mediafire.com/file/3dcl79a06b4030x,,,,,,,,,,,,,,,,,,,,,,,,,,,,,,,,,,,,,
126,Resacosix in pandemia,Bandera Negra,Danon94,no,si,✰✰✰★,✰✰✰✰,✰✰✰✰,✰✰✰✰,✰✰✰✰,datasong/album/bandera.jpg,https://www.youtube.com/embed/bU1odSns_RQ,https://drive.google.com/file/d/1sBb-qqJFSaveQkKiNMQdI3KGUt1T4lhE,https://www.mediafire.com/file/4p3u3wcqfqwnnqj,,,,,,,,,,,,,,,,,,,,,,,,,,,,,,,,,,,,,
127,Resacosix in hispania,Rarezas,_edxgbrn,no,no,✰✰✰★,✰✰✰✰,✰✰✰✰,✰✰✰✰,✰✰✰✰,datasong/album/rarezas.jpg,sinvideo,https://drive.google.com/file/d/1sNqryNfYlKRLrkQX7VKIZhCDCn_9IXpS,https://www.mediafire.com/file/3dby2amb1bx13ng,,,,,,,,,,,,,,,,,,,,,,,,,,,,,,,,,,,,,
128,Satanael,"Hechizos, Pocimas y Brujeria",Danon94,no,no,✰✰✰★,✰✰✰✰,✰✰✰✰,✰✰✰✰,✰✰✰✰,datasong/album/hechizos.jpg,https://www.youtube.com/embed/q0ys_agB_Sg,https://drive.google.com/file/d/1sqTOgCVS8G8e5Vpxx6n_bpGAb-zV9XdD,https://www.mediafire.com/file/34vvk3g4k458e2n,,,,,,,,,,,,,,,,,,,,,,,,,,,,,,,,,,,,,
129,Satania,Finisterra,Andestruction,no,no,✰✰★★,✰✰✰✰,✰✰✰✰,✰✰✰✰,✰✰✰✰,datasong/album/finisterra.jpg,https://www.youtube.com/embed/UMd_gj_D7q8,https://drive.google.com/file/d/1tPoH4GnwMEbmDKr0L-K9sOHIGcILbBrl,https://www.mediafire.com/file/iwqa5rwl0ax71y8,,,,,,,,,,,,,,,,,,,,,,,,,,,,,,,,,,,,,
130,Satania,Finisterra,Danon94,no,no,✰✰✰★,✰✰✰✰,✰✰✰✰,✰✰✰✰,✰✰✰✰,datasong/album/finisterra.jpg,https://www.youtube.com/embed/8_yWAOhQ-cw,https://drive.google.com/file/d/1uGlGy26etbskGvEljnDKxtkwaWfGe8L_,https://www.mediafire.com/file/8lejleszq9hqup6,,,,,,,,,,,,,,,,,,,,,,,,,,,,,,,,,,,,,
131,Satania,Finisterra,Darkof GT,no,no,✰✰✰★,✰✰✰✰,✰✰✰✰,✰✰✰✰,✰✰✰✰,datasong/album/finisterra.jpg,https://www.youtube.com/embed/MAiIer-oUR0,https://drive.google.com/file/d/1ueCy3rxIFoxEHy7HXyYYIambzYjyokqu,https://www.mediafire.com/file/wmk7twub7iwbd7w,,,,,,,,,,,,,,,,,,,,,,,,,,,,,,,,,,,,,
132,Satania,Finisterra,_edxgbrn,no,no,✰✰✰★,✰✰✰✰,✰✰✰✰,✰✰✰✰,✰✰✰✰,datasong/album/finisterra.jpg,sinvideo,https://drive.google.com/file/d/1uuI0k1nNuu8NYn1U9amsvQgkdF_19t1n,https://www.mediafire.com/file/a80oxndekx2uyab,,,,,,,,,,,,,,,,,,,,,,,,,,,,,,,,,,,,,
133,Satania,Finisterra,Mastergox,no,si,★★★★,★★★★,★★★★,★★★★,★★★★,datasong/album/finisterra.jpg,sinvideo,https://drive.google.com/file/d/1wLtGOluWoK8AMqX3wzAuH1Sx9S5N1ERK,https://www.mediafire.com/file/aadx9sx197kvko9,,,,,,,,,,,,,,,,,,,,,,,,,,,,,,,,,,,,,
134,Satania,Finisterra,WOLFxONE,no,no,✰✰✰★,✰✰✰✰,✰✰✰✰,✰✰✰✰,✰✰✰✰,datasong/album/finisterra.jpg,https://www.youtube.com/embed/RSnW28rynRE,https://drive.google.com/file/d/1wawY7GTB3Tx_oclAu1_SlCi6g32nv3Rm,https://www.mediafire.com/file/fv2zs8bgm7saw6l,,,,,,,,,,,,,,,,,,,,,,,,,,,,,,,,,,,,,
135,Tequila tanto por vivir,Ira Dei,AdLozanOff,no,no,✰✰✰★,✰✰✰✰,✰✰✰✰,✰✰✰✰,✰✰✰✰,datasong/album/iradei.jpg,https://www.youtube.com/embed/EsQN1LDb3-4,https://drive.google.com/file/d/1wju4qzGJCDJXq5ebVSZKye1WSQE5eioR,https://www.mediafire.com/file/vzcp6rtswhw4v1d,,,,,,,,,,,,,,,,,,,,,,,,,,,,,,,,,,,,,
136,Van a rodar cabezas,Gaia,Danon94,no,si,✰✰✰★,✰✰✰✰,✰✰✰✰,✰✰✰✰,✰✰✰✰,datasong/album/gaia.jpg,https://www.youtube.com/embed/ID7bIDbiyJk,https://drive.google.com/file/d/1x6l57XZvdXzG7RAbYfG5tozEY2WOosBV,https://www.mediafire.com/file/09lzr3jgqncxh03,,,,,,,,,,,,,,,,,,,,,,,,,,,,,,,,,,,,,
137,Van a rodar cabezas,Gaia,WOLFxONE,no,no,✰✰✰★,✰✰✰✰,✰✰✰✰,✰✰✰✰,✰✰✰✰,datasong/album/gaia.jpg,sinvideo,https://drive.google.com/file/d/1y0pFtg_YhPGjCEtj7YqShUL1aBFeOZjM,https://www.mediafire.com/file/ux98uetutuoqm5d,,,,,,,,,,,,,,,,,,,,,,,,,,,,,,,,,,,,,
138,Vodka and roll,Gaia III: Atlantia,Lost,no,si,✰✰✰★,✰✰✰✰,✰✰✰✰,✰✰✰✰,✰✰✰✰,datasong/album/gaia_lll.jpg,sinvideo,https://drive.google.com/file/d/1yn3o17b8hdd-JXMXEzYQgVVOa1_lNQFN,https://www.mediafire.com/file/l753b1mifktty6d,,,,,,,,,,,,,,,,,,,,,,,,,,,,,,,,,,,,,
139,Xanandra,"Hechizos, Pocimas y Brujeria",Danon94,no,no,✰✰✰★,✰✰✰✰,✰✰✰✰,✰✰✰✰,✰✰✰✰,datasong/album/hechizos.jpg,https://www.youtube.com/embed/q90MmH9QkXM,https://drive.google.com/file/d/1zCa8pMUyr00fk6LgT8hNU57rr5pPOaOu,https://www.mediafire.com/file/657t88fl91segmw,,,,,,,,,,,,,,,,,,,,,,,,,,,,,,,,,,,,,
140,Y ahora voy a salir,La Ciudad de los Arboles,LMBECIL1832,no,si,✰✰✰★,✰✰✰✰,✰✰✰✰,✰✰✰✰,✰✰✰✰,datasong/album/losarboles.jpg,https://www.youtube.com/embed/6dzCkc5EDIc,https://drive.google.com/file/d/1zzBNE1GyGsrZiyLhDmhaETjN6ku7tWAU,https://www.mediafire.com/file/xbulope2uu4zdmv,,,,,,,,,,,,,,,,,,,,,,,,,,,,,,,,,,,,,
,,,,,,,,,,,,,,,,,,,,,,,,,,,,,,,,,,,,,,,,,,,,,,,,,,,
,,,,,,,,,,,,,,,,,,,,,,,,,,,,,,,,,,,,,,,,,,,,,,,,,,,
,,,,,,,,,,,,,,,,,,,,,,,,,,,,,,,,,,,,,,,,,,,,,,,,,,,
,,,,,,,,,,,,,,,,,,,,,,,,,,,,,,,,,,,,,,,,,,,,,,,,,,,
,,,,,,,,,,,,,,,,,,,,,,,,,,,,,,,,,,,,,,,,,,,,,,,,,,,
,,,,,,,,,,,,,,,,,,,,,,,,,,,,,,,,,,,,,,,,,,,,,,,,,,,
,,,,,,,,,,,,,,,,,,,,,,,,,,,,,,,,,,,,,,,,,,,,,,,,,,,
,,,,,,,,,,,,,,,,,,,,,,,,,,,,,,,,,,,,,,,,,,,,,,,,,,,
,,,,,,,,,,,,,,,,,,,,,,,,,,,,,,,,,,,,,,,,,,,,,,,,,,,
,,,,,,,,,,,,,,,,,,,,,,,,,,,,,,,,,,,,,,,,,,,,,,,,,,,
,,,,,,,,,,,,,,,,,,,,,,,,,,,,,,,,,,,,,,,,,,,,,,,,,,,
,,,,,,,,,,,,,,,,,,,,,,,,,,,,,,,,,,,,,,,,,,,,,,,,,,,
,,,,,,,,,,,,,,,,,,,,,,,,,,,,,,,,,,,,,,,,,,,,,,,,,,,
,,,,,,,,,,,,,,,,,,,,,,,,,,,,,,,,,,,,,,,,,,,,,,,,,,,
,,,,,,,,,,,,,,,,,,,,,,,,,,,,,,,,,,,,,,,,,,,,,,,,,,,
